name,nr
AllData_x512.gif,labPlot_1.gif
Abzu_x512.gif,labPlot_2.gif
BatmanArkhamKnight_x512.gif,labPlot_3.gif
BioShockInf_x512.gif,labPlot_4.gif
Borderlands2_x512.gif,labPlot_5.gif
Borderlands_x512.gif,labPlot_6.gif
BrothersATOTS_x512.gif,labPlot_7.gif
CitiesSkylines_x512.gif,labPlot_8.gif
CsGo_x512.gif,labPlot_9.gif
Dauntless_x512.gif,labPlot_10.gif
Dishonored_x512.gif,labPlot_11.gif
Freepbr1k_x512.gif,labPlot_12.gif
GarrysMod_x512.gif,labPlot_13.gif
HalfLife2_x512.gif,labPlot_14.gif
Left4Dead2_x512.gif,labPlot_15.gif
Maneater_x512.gif,labPlot_16.gif
Minecraft_x512.gif,labPlot_17.gif
MutantYearZeroRTE_x512.gif,labPlot_18.gif
OperatorNdmQG_x512.gif,labPlot_19.gif
Phasmophobia_x512.gif,labPlot_20.gif
Poliigon_x512.gif,labPlot_21.gif
Polyhaven1k_x512.gif,labPlot_22.gif
Portal2_x512.gif,labPlot_23.gif
Portal_x512.gif,labPlot_24.gif
Relicta_x512.gif,labPlot_25.gif
RemnantFromTheAshes_x512.gif,labPlot_26.gif
Ruiner_x512.gif,labPlot_27.gif
StarWarsJFO_x512.gif,labPlot_28.gif
TeamFortress2_x512.gif,labPlot_29.gif
TrainSimWorld2_x512.gif,labPlot_30.gif
TrainSimWorld_x512.gif,labPlot_31.gif
UnityAssets_x512.gif,labPlot_32.gif
Vampyr_x512.gif,labPlot_33.gif
XCOM2_x512.gif,labPlot_34.gif
XCOM_x512.gif,labPlot_35.gif
